anemia_kaggle,0.6210526315789474,0.6226553225168183,0.6228962131837308
anemia_mendeley,0.6,0.5086247086247087,0.6200629340277778
vitamin_deficiency,0.91375,0.9149566860158083,0.9901654517534166
ckd,1.0,1.0,1.0
dyslipidemia,0.6505681818181818,0.6677026804237021,0.6095584914182473
heart,0.9853658536585366,0.9853679432060973,0.9937142857142858
liver,0.6239316239316239,0.5826054287592749,0.6268603827072998
diabetes_brfss,0.8441343424787133,0.8196803313973029,0.8113968924081103
diabetes_pima,0.7532467532467533,0.7495827986975903,0.8124074074074074
metabolic_syndrome,0.7769886363636364,0.7624249923959749,0.5348267213862289
thyroid,0.9022321428571428,0.9124073009147161,0.8835735942360973
